#;Mise en base des profils de sonde pour Sete 2025
#;Geosciences Montpellier, Place eugene Bataillon, 34095 Montpellier
#;Mesures realisees avec Sonde SEA BIRD SBE 19+
ID_SITE;DATE;HEURE;TEMPERATURE;FLUORESCENCE;TURBIDITE;PAR;SALINITE;PROFONDEUR
22;30-06-2026;09:06:00;24.1944;0.0075;0.6891;130.5;33.7553;0.25
22;30-06-2026;09:06:02;24.1456;0.1884;0.4896;116.91;36.8239;0.5
22;30-06-2026;09:06:21;24.133;0.2152;0.3996;108.21;37.4305;0.75
22;30-06-2026;09:07:22;24.097;0.2189;0.3698;103.89;37.4776;1.0
22;30-06-2026;09:07:18;24.0802;0.2206;0.3755;97.412;37.4789;1.25
22;30-06-2026;09:07:19;24.0532;0.2211;0.3792;91.964;37.4859;1.5
22;30-06-2026;09:07:19;24.0131;0.2215;0.3835;87.811;37.4956;1.75
22;30-06-2026;09:07:19;23.9427;0.2239;0.3864;85.5;37.5079;2.0
22;30-06-2026;09:07:20;23.8446;0.2289;0.3885;83.823;37.5193;2.25
22;30-06-2026;09:07:20;23.7177;0.2356;0.3904;82.558;37.5292;2.5
22;30-06-2026;09:07:20;23.5515;0.2416;0.392;81.822;37.5378;2.75
22;30-06-2026;09:07:20;23.3502;0.2447;0.3933;81.713;37.5444;3.0
22;30-06-2026;09:07:21;23.1254;0.2452;0.3945;82.375;37.5467;3.25
22;30-06-2026;09:07:21;22.8895;0.244;0.396;83.9;37.5481;3.5
22;30-06-2026;09:07:21;22.6552;0.2422;0.3976;86.248;37.5515;3.75
22;30-06-2026;09:07:22;22.4331;0.24;0.3999;89.271;37.5589;4.0
22;30-06-2026;09:07:22;22.2327;0.2363;0.4032;92.746;37.5757;4.25
22;30-06-2026;09:07:22;22.0592;0.2302;0.4085;96.413;37.6029;4.5
22;30-06-2026;09:07:22;21.914;0.2221;0.4154;100.2;37.6337;4.75
22;30-06-2026;09:07:23;21.7927;0.2156;0.4218;104.35;37.6617;5.0
22;30-06-2026;09:07:23;21.6889;0.2116;0.4272;109.06;37.686;5.25
22;30-06-2026;09:07:23;21.591;0.2094;0.4339;114.93;37.7114;5.5
22;30-06-2026;09:07:23;21.4806;0.2073;0.439;121.22;37.7379;5.75
22;30-06-2026;09:07:24;21.3515;0.2052;0.4399;127.37;37.7604;6.0
22;30-06-2026;09:07:24;21.2042;0.2023;0.4351;131.8;37.7725;6.25
22;30-06-2026;09:07:24;21.0523;0.1978;0.4268;132.43;37.7805;6.5
22;30-06-2026;09:07:25;20.9015;0.1915;0.4205;129.66;37.7999;6.75
22;30-06-2026;09:07:25;20.7428;0.1828;0.4144;127.76;37.8166;7.0
22;30-06-2026;09:07:25;20.5794;0.1721;0.4078;126.46;37.8208;7.25
22;30-06-2026;09:07:25;20.4212;0.1619;0.4017;125.89;37.8126;7.5
22;30-06-2026;09:07:26;20.281;0.1543;0.3965;125.69;37.808;7.75
22;30-06-2026;09:07:26;20.1615;0.1481;0.3913;125.45;37.8125;8.0
22;03-07-2026;00:30:50;20.3027;0.1405;0.3863;126.07;38.3783;8.5
22;30-06-2026;09:07:27;19.8866;0.1277;0.3675;121.56;37.8426;8.75
22;30-06-2026;09:07:27;19.8122;0.1234;0.3614;118.92;37.8504;9.0
22;30-06-2026;09:07:27;19.741;0.124;0.3608;116.48;37.8603;9.25
22;30-06-2026;09:07:27;19.6715;0.1267;0.3622;114.94;37.8693;9.5
22;30-06-2026;09:07:28;19.6043;0.129;0.3641;114.12;37.8747;9.75
22;30-06-2026;09:07:28;19.5414;0.1297;0.3658;113.64;37.876;10.0
22;30-06-2026;09:07:28;19.4837;0.1288;0.3669;112.78;37.8773;10.25
22;30-06-2026;09:07:28;19.4295;0.1269;0.3678;111.21;37.8805;10.5
22;30-06-2026;09:07:29;19.3773;0.1247;0.3682;108.76;37.8853;10.75
22;30-06-2026;09:07:29;19.3252;0.1226;0.368;105.61;37.891;11.0
22;30-06-2026;09:07:29;19.27;0.1206;0.3669;102.64;37.8977;11.25
22;30-06-2026;09:07:29;19.2073;0.1191;0.3656;100.56;37.9046;11.5
22;30-06-2026;09:07:30;19.1318;0.1195;0.3682;98.805;37.9096;11.75
22;30-06-2026;09:07:30;19.0416;0.1231;0.3795;96.701;37.9093;12.0
22;30-06-2026;09:07:30;18.9439;0.1325;0.4106;94.262;37.9055;12.25
22;30-06-2026;09:07:31;18.8526;0.1467;0.4558;91.921;37.9093;12.5
22;30-06-2026;09:07:31;18.7675;0.1598;0.4947;89.707;37.9148;12.75
22;30-06-2026;09:07:31;18.6895;0.1697;0.5183;87.504;37.9181;13.0
22;30-06-2026;09:07:32;18.6269;0.1791;0.5312;84.989;37.9245;13.25
22;30-06-2026;09:07:32;18.579;0.187;0.5403;82.34;37.9339;13.5
22;30-06-2026;09:07:32;18.5443;0.1916;0.5469;79.784;37.9405;13.75
22;30-06-2026;09:07:33;18.5157;0.1946;0.5533;77.358;37.9445;14.0
22;30-06-2026;09:07:33;18.4858;0.1978;0.5604;75.018;37.9477;14.25
22;30-06-2026;09:07:33;18.4513;0.202;0.5684;72.712;37.9478;14.5
22;30-06-2026;09:07:33;18.4109;0.208;0.5792;70.368;37.9453;14.75
22;30-06-2026;09:07:33;18.3656;0.2175;0.5955;67.976;37.942;15.0
22;30-06-2026;09:07:34;18.3166;0.2308;0.6172;65.547;37.939;15.25
22;30-06-2026;09:07:34;18.266;0.2461;0.6401;63.129;37.9386;15.5
22;30-06-2026;09:07:34;18.2191;0.2624;0.66;60.822;37.9429;15.75
22;30-06-2026;09:07:35;18.1811;0.2826;0.6791;58.621;37.9497;16.0
22;30-06-2026;09:07:35;18.1528;0.3105;0.7022;56.36;37.9543;16.25
22;30-06-2026;09:07:35;18.1306;0.3407;0.7261;53.982;37.9572;16.5
22;30-06-2026;09:07:35;18.1109;0.3647;0.7442;51.57;37.9595;16.75
22;30-06-2026;09:07:36;18.0923;0.387;0.7602;49.158;37.9616;17.0
22;30-06-2026;09:07:36;18.0741;0.4165;0.7803;46.765;37.9634;17.25
22;30-06-2026;09:07:36;18.0565;0.4502;0.8023;44.468;37.9651;17.5
22;30-06-2026;09:07:36;18.0399;0.4785;0.8194;42.311;37.9667;17.75
22;30-06-2026;09:07:37;18.0242;0.5003;0.8302;40.345;37.9686;18.0
22;30-06-2026;09:07:37;18.0088;0.5213;0.8374;38.538;37.9707;18.25
22;30-06-2026;09:07:37;17.9925;0.5427;0.8428;36.797;37.9721;18.5
22;30-06-2026;09:07:37;17.9746;0.5611;0.8477;35.058;37.9723;18.75
22;30-06-2026;09:07:37;17.9548;0.5775;0.8535;33.341;37.972;19.0
22;30-06-2026;09:07:38;17.9325;0.596;0.8617;31.682;37.9719;19.25
22;30-06-2026;09:07:38;17.9073;0.6155;0.8698;30.084;37.9718;19.5
22;30-06-2026;09:07:38;17.8801;0.6281;0.8702;28.593;37.9726;19.75
22;30-06-2026;09:07:39;17.8525;0.631;0.858;27.229;37.976;20.0
22;30-06-2026;09:07:39;17.8244;0.6257;0.8313;25.994;37.9813;20.25
22;30-06-2026;09:07:39;17.7962;0.6111;0.7833;24.936;37.9853;20.5
22;30-06-2026;09:07:39;17.7671;0.5871;0.7201;24.03;37.9879;20.75
22;30-06-2026;09:07:39;17.7364;0.5549;0.6625;23.251;37.9903;21.0
22;30-06-2026;09:07:40;17.7025;0.508;0.615;22.552;37.9924;21.25
22;30-06-2026;09:07:40;17.6641;0.4317;0.565;21.925;37.9935;21.5
22;30-06-2026;09:07:40;17.6208;0.3442;0.5168;21.357;37.9925;21.75
22;30-06-2026;09:07:41;17.5744;0.2991;0.4915;20.809;37.99;22.0
22;30-06-2026;09:07:41;17.5252;0.29;0.4834;20.234;37.9855;22.25
22;30-06-2026;09:07:41;17.4764;0.2963;0.482;19.638;37.9791;22.5
22;30-06-2026;09:07:41;17.4296;0.3127;0.4844;19.017;37.9744;22.75
22;30-06-2026;09:07:41;17.3846;0.3358;0.4891;18.385;37.9749;23.0
22;30-06-2026;09:07:42;17.3392;0.3714;0.4979;17.756;37.9809;23.25
22;30-06-2026;09:07:42;17.2878;0.4439;0.5174;17.193;37.9899;23.5
22;30-06-2026;09:07:42;17.2271;0.5113;0.5351;16.654;37.9955;23.75
22;30-06-2026;09:07:43;17.1606;0.5542;0.5451;16.086;37.9927;24.0
22;30-06-2026;09:07:43;17.0935;0.58;0.5493;15.483;37.9859;24.25
22;30-06-2026;09:07:43;17.0289;0.6016;0.5504;14.884;37.9839;24.5
22;30-06-2026;09:07:44;16.9644;0.6213;0.5484;14.317;37.987;24.75
22;30-06-2026;09:07:44;16.8967;0.6316;0.5413;13.801;37.9921;25.0
22;30-06-2026;09:07:44;16.8233;0.6236;0.5258;13.359;37.9967;25.25
22;30-06-2026;09:07:44;16.743;0.5931;0.4965;12.973;37.9968;25.5
22;30-06-2026;09:07:45;16.6636;0.5612;0.4736;12.624;37.9885;25.75
22;30-06-2026;09:07:45;16.5931;0.5514;0.4762;12.272;37.983;26.0
22;30-06-2026;09:07:45;16.5298;0.5536;0.4959;11.906;37.9812;26.25
22;30-06-2026;09:07:45;16.4777;0.5725;0.5401;11.508;37.9849;26.5
22;30-06-2026;09:07:46;16.4348;0.5978;0.5935;11.077;37.9922;26.75
22;30-06-2026;09:07:46;16.3997;0.6225;0.6454;10.618;38.0007;27.0
22;30-06-2026;09:07:46;16.371;0.6498;0.705;10.14;38.0087;27.25
22;30-06-2026;09:07:47;16.3471;0.6966;0.7844;9.6497;38.0154;27.5
22;30-06-2026;09:07:47;16.3253;0.7492;0.8502;9.1646;38.0211;27.75
22;30-06-2026;09:07:48;16.304;0.7868;0.8939;8.7088;38.0258;28.0
22;30-06-2026;09:07:49;16.2873;0.8376;0.9797;8.2667;38.032;28.25
22;30-06-2026;09:07:50;16.2606;0.9095;1.1139;7.808;38.0367;28.5
22;30-06-2026;09:07:51;16.2213;0.9848;1.3135;7.3319;38.0389;28.75
22;30-06-2026;09:07:52;16.184;1.0608;1.6985;6.7215;38.0394;29.0
22;30-06-2026;09:07:53;16.1609;1.1682;2.1386;6.0792;38.0478;29.25
22;30-06-2026;09:07:54;16.1437;1.2265;2.0301;5.4728;38.0512;29.5
22;30-06-2026;09:08:28;16.123;1.3569;1.8176;5.0063;38.0661;29.75
